[
  {"model": "core.departamento", "pk": "1a000000-0000-0000-0000-000000000001", "fields": {"nombre": "Asunción"}},
  {"model": "core.departamento", "pk": "1a000000-0000-0000-0000-000000000002", "fields": {"nombre": "Central"}},
  {"model": "core.departamento", "pk": "1a000000-0000-0000-0000-000000000003", "fields": {"nombre": "Alto Paraná"}},
  {"model": "core.departamento", "pk": "1a000000-0000-0000-0000-000000000004", "fields": {"nombre": "Itapúa"}},
  {"model": "core.departamento", "pk": "1a000000-0000-0000-0000-000000000005", "fields": {"nombre": "Cordillera"}},
  {"model": "core.departamento", "pk": "1a000000-0000-0000-0000-000000000006", "fields": {"nombre": "Paraguarí"}},
  {"model": "core.departamento", "pk": "1a000000-0000-0000-0000-000000000007", "fields": {"nombre": "Caaguazú"}},
  {"model": "core.departamento", "pk": "1a000000-0000-0000-0000-000000000008", "fields": {"nombre": "Misiones"}},
  {"model": "core.departamento", "pk": "1a000000-0000-0000-0000-000000000009", "fields": {"nombre": "Ñeembucú"}},
  {"model": "core.departamento", "pk": "1a000000-0000-0000-0000-000000000010", "fields": {"nombre": "Concepción"}},
  {"model": "core.departamento", "pk": "1a000000-0000-0000-0000-000000000011", "fields": {"nombre": "San Pedro"}},
  {"model": "core.departamento", "pk": "1a000000-0000-0000-0000-000000000012", "fields": {"nombre": "Amambay"}},
  {"model": "core.departamento", "pk": "1a000000-0000-0000-0000-000000000013", "fields": {"nombre": "Canindeyú"}},
  {"model": "core.departamento", "pk": "1a000000-0000-0000-0000-000000000014", "fields": {"nombre": "Guairá"}},
  {"model": "core.departamento", "pk": "1a000000-0000-0000-0000-000000000015", "fields": {"nombre": "Caazapá"}},
  {"model": "core.departamento", "pk": "1a000000-0000-0000-0000-000000000016", "fields": {"nombre": "Presidente Hayes"}},
  {"model": "core.departamento", "pk": "1a000000-0000-0000-0000-000000000017", "fields": {"nombre": "Alto Paraguay"}},
  {"model": "core.departamento", "pk": "1a000000-0000-0000-0000-000000000018", "fields": {"nombre": "Boquerón"}},

  {"model": "core.ciudad", "pk": "2a000000-0000-0000-0000-000000000001", "fields": {"departamento": "1a000000-0000-0000-0000-000000000001", "nombre": "Asunción"}},

  {"model": "core.ciudad", "pk": "2a000000-0000-0000-0000-000000000010", "fields": {"departamento": "1a000000-0000-0000-0000-000000000002", "nombre": "Luque"}},
  {"model": "core.ciudad", "pk": "2a000000-0000-0000-0000-000000000011", "fields": {"departamento": "1a000000-0000-0000-0000-000000000002", "nombre": "San Lorenzo"}},
  {"model": "core.ciudad", "pk": "2a000000-0000-0000-0000-000000000012", "fields": {"departamento": "1a000000-0000-0000-0000-000000000002", "nombre": "Fernando de la Mora"}},
  {"model": "core.ciudad", "pk": "2a000000-0000-0000-0000-000000000013", "fields": {"departamento": "1a000000-0000-0000-0000-000000000002", "nombre": "Lambaré"}},
  {"model": "core.ciudad", "pk": "2a000000-0000-0000-0000-000000000014", "fields": {"departamento": "1a000000-0000-0000-0000-000000000002", "nombre": "Capiatá"}},
  {"model": "core.ciudad", "pk": "2a000000-0000-0000-0000-000000000015", "fields": {"departamento": "1a000000-0000-0000-0000-000000000002", "nombre": "Itauguá"}},
  {"model": "core.ciudad", "pk": "2a000000-0000-0000-0000-000000000016", "fields": {"departamento": "1a000000-0000-0000-0000-000000000002", "nombre": "Mariano Roque Alonso"}},
  {"model": "core.ciudad", "pk": "2a000000-0000-0000-0000-000000000017", "fields": {"departamento": "1a000000-0000-0000-0000-000000000002", "nombre": "Ñemby"}},
  {"model": "core.ciudad", "pk": "2a000000-0000-0000-0000-000000000018", "fields": {"departamento": "1a000000-0000-0000-0000-000000000002", "nombre": "Villa Elisa"}},
  {"model": "core.ciudad", "pk": "2a000000-0000-0000-0000-000000000019", "fields": {"departamento": "1a000000-0000-0000-0000-000000000002", "nombre": "Limpio"}},
  {"model": "core.ciudad", "pk": "2a000000-0000-0000-0000-000000000020", "fields": {"departamento": "1a000000-0000-0000-0000-000000000002", "nombre": "Areguá"}},
  {"model": "core.ciudad", "pk": "2a000000-0000-0000-0000-000000000021", "fields": {"departamento": "1a000000-0000-0000-0000-000000000002", "nombre": "Guarambaré"}},
  {"model": "core.ciudad", "pk": "2a000000-0000-0000-0000-000000000022", "fields": {"departamento": "1a000000-0000-0000-0000-000000000002", "nombre": "Itá"}},
  {"model": "core.ciudad", "pk": "2a000000-0000-0000-0000-000000000023", "fields": {"departamento": "1a000000-0000-0000-0000-000000000002", "nombre": "Nueva Italia"}},

  {"model": "core.ciudad", "pk": "2a000000-0000-0000-0000-000000000030", "fields": {"departamento": "1a000000-0000-0000-0000-000000000003", "nombre": "Ciudad del Este"}},
  {"model": "core.ciudad", "pk": "2a000000-0000-0000-0000-000000000031", "fields": {"departamento": "1a000000-0000-0000-0000-000000000003", "nombre": "Hernandarias"}},
  {"model": "core.ciudad", "pk": "2a000000-0000-0000-0000-000000000032", "fields": {"departamento": "1a000000-0000-0000-0000-000000000003", "nombre": "Minga Guazú"}},
  {"model": "core.ciudad", "pk": "2a000000-0000-0000-0000-000000000033", "fields": {"departamento": "1a000000-0000-0000-0000-000000000003", "nombre": "Presidente Franco"}},

  {"model": "core.ciudad", "pk": "2a000000-0000-0000-0000-000000000040", "fields": {"departamento": "1a000000-0000-0000-0000-000000000004", "nombre": "Encarnación"}},
  {"model": "core.ciudad", "pk": "2a000000-0000-0000-0000-000000000041", "fields": {"departamento": "1a000000-0000-0000-0000-000000000004", "nombre": "Coronel Bogado"}},

  {"model": "core.ciudad", "pk": "2a000000-0000-0000-0000-000000000050", "fields": {"departamento": "1a000000-0000-0000-0000-000000000005", "nombre": "Caacupé"}},
  {"model": "core.ciudad", "pk": "2a000000-0000-0000-0000-000000000051", "fields": {"departamento": "1a000000-0000-0000-0000-000000000005", "nombre": "Tobatí"}},

  {"model": "core.ciudad", "pk": "2a000000-0000-0000-0000-000000000060", "fields": {"departamento": "1a000000-0000-0000-0000-000000000006", "nombre": "Paraguarí"}},
  {"model": "core.ciudad", "pk": "2a000000-0000-0000-0000-000000000061", "fields": {"departamento": "1a000000-0000-0000-0000-000000000006", "nombre": "Carapeguá"}},

  {"model": "core.ciudad", "pk": "2a000000-0000-0000-0000-000000000070", "fields": {"departamento": "1a000000-0000-0000-0000-000000000007", "nombre": "Coronel Oviedo"}},
  {"model": "core.ciudad", "pk": "2a000000-0000-0000-0000-000000000071", "fields": {"departamento": "1a000000-0000-0000-0000-000000000007", "nombre": "Caaguazú"}},

  {"model": "core.ciudad", "pk": "2a000000-0000-0000-0000-000000000080", "fields": {"departamento": "1a000000-0000-0000-0000-000000000008", "nombre": "San Juan Bautista"}},
  {"model": "core.ciudad", "pk": "2a000000-0000-0000-0000-000000000090", "fields": {"departamento": "1a000000-0000-0000-0000-000000000009", "nombre": "Pilar"}},
  {"model": "core.ciudad", "pk": "2a000000-0000-0000-0000-000000000100", "fields": {"departamento": "1a000000-0000-0000-0000-000000000010", "nombre": "Concepción"}},
  {"model": "core.ciudad", "pk": "2a000000-0000-0000-0000-000000000110", "fields": {"departamento": "1a000000-0000-0000-0000-000000000011", "nombre": "San Pedro del Ycuamandiyú"}},
  {"model": "core.ciudad", "pk": "2a000000-0000-0000-0000-000000000120", "fields": {"departamento": "1a000000-0000-0000-0000-000000000012", "nombre": "Pedro Juan Caballero"}},
  {"model": "core.ciudad", "pk": "2a000000-0000-0000-0000-000000000130", "fields": {"departamento": "1a000000-0000-0000-0000-000000000013", "nombre": "Salto del Guairá"}},
  {"model": "core.ciudad", "pk": "2a000000-0000-0000-0000-000000000140", "fields": {"departamento": "1a000000-0000-0000-0000-000000000014", "nombre": "Villarrica"}},
  {"model": "core.ciudad", "pk": "2a000000-0000-0000-0000-000000000150", "fields": {"departamento": "1a000000-0000-0000-0000-000000000015", "nombre": "Caazapá"}},
  {"model": "core.ciudad", "pk": "2a000000-0000-0000-0000-000000000160", "fields": {"departamento": "1a000000-0000-0000-0000-000000000016", "nombre": "Villa Hayes"}},
  {"model": "core.ciudad", "pk": "2a000000-0000-0000-0000-000000000170", "fields": {"departamento": "1a000000-0000-0000-0000-000000000017", "nombre": "Fuerte Olimpo"}},
  {"model": "core.ciudad", "pk": "2a000000-0000-0000-0000-000000000180", "fields": {"departamento": "1a000000-0000-0000-0000-000000000018", "nombre": "Filadelfia"}},

  {"model": "core.barrio", "pk": "3a000000-0000-0000-0000-000000000001", "fields": {"ciudad": "2a000000-0000-0000-0000-000000000010", "nombre": "Isla Bogado"}},
  {"model": "core.barrio", "pk": "3a000000-0000-0000-0000-000000000002", "fields": {"ciudad": "2a000000-0000-0000-0000-000000000010", "nombre": "Centro"}},
  {"model": "core.barrio", "pk": "3a000000-0000-0000-0000-000000000003", "fields": {"ciudad": "2a000000-0000-0000-0000-000000000010", "nombre": "San Buenaventura"}},
  {"model": "core.barrio", "pk": "3a000000-0000-0000-0000-000000000004", "fields": {"ciudad": "2a000000-0000-0000-0000-000000000010", "nombre": "Mbocayaty"}},
  {"model": "core.barrio", "pk": "3a000000-0000-0000-0000-000000000005", "fields": {"ciudad": "2a000000-0000-0000-0000-000000000010", "nombre": "San Francisco"}},
  {"model": "core.barrio", "pk": "3a000000-0000-0000-0000-000000000006", "fields": {"ciudad": "2a000000-0000-0000-0000-000000000010", "nombre": "Villa Alegre"}},

  {"model": "core.barrio", "pk": "3a000000-0000-0000-0000-000000000010", "fields": {"ciudad": "2a000000-0000-0000-0000-000000000001", "nombre": "Centro"}},
  {"model": "core.barrio", "pk": "3a000000-0000-0000-0000-000000000011", "fields": {"ciudad": "2a000000-0000-0000-0000-000000000001", "nombre": "Sajonia"}},
  {"model": "core.barrio", "pk": "3a000000-0000-0000-0000-000000000012", "fields": {"ciudad": "2a000000-0000-0000-0000-000000000001", "nombre": "Las Mercedes"}},
  {"model": "core.barrio", "pk": "3a000000-0000-0000-0000-000000000013", "fields": {"ciudad": "2a000000-0000-0000-0000-000000000001", "nombre": "Recoleta"}},
  {"model": "core.barrio", "pk": "3a000000-0000-0000-0000-000000000014", "fields": {"ciudad": "2a000000-0000-0000-0000-000000000001", "nombre": "Villa Morra"}},
  {"model": "core.barrio", "pk": "3a000000-0000-0000-0000-000000000015", "fields": {"ciudad": "2a000000-0000-0000-0000-000000000001", "nombre": "Barrio Obrero"}},
  {"model": "core.barrio", "pk": "3a000000-0000-0000-0000-000000000016", "fields": {"ciudad": "2a000000-0000-0000-0000-000000000001", "nombre": "Trinidad"}},
  {"model": "core.barrio", "pk": "3a000000-0000-0000-0000-000000000017", "fields": {"ciudad": "2a000000-0000-0000-0000-000000000001", "nombre": "San Pablo"}},

  {"model": "core.barrio", "pk": "3a000000-0000-0000-0000-000000000020", "fields": {"ciudad": "2a000000-0000-0000-0000-000000000011", "nombre": "Centro"}},
  {"model": "core.barrio", "pk": "3a000000-0000-0000-0000-000000000021", "fields": {"ciudad": "2a000000-0000-0000-0000-000000000011", "nombre": "Villa Aurelia"}},
  {"model": "core.barrio", "pk": "3a000000-0000-0000-0000-000000000022", "fields": {"ciudad": "2a000000-0000-0000-0000-000000000011", "nombre": "San Antonio"}},

  {"model": "core.barrio", "pk": "3a000000-0000-0000-0000-000000000030", "fields": {"ciudad": "2a000000-0000-0000-0000-000000000030", "nombre": "Centro"}},
  {"model": "core.barrio", "pk": "3a000000-0000-0000-0000-000000000031", "fields": {"ciudad": "2a000000-0000-0000-0000-000000000030", "nombre": "Santa Rosa"}},
  {"model": "core.barrio", "pk": "3a000000-0000-0000-0000-000000000032", "fields": {"ciudad": "2a000000-0000-0000-0000-000000000030", "nombre": "San Blas"}}
]
